G-xst2euQUc_15,1,1,1,1,2
G-xst2euQUc_13,2,2,3,2,3
G-xst2euQUc_10,1,2,1,2,1
G-xst2euQUc_11,-1,-2,-1,-2,-1
2WGyTLYerpo_11,2,2,2,3,2
2WGyTLYerpo_16,2,2,2,3,1
2WGyTLYerpo_17,3,2,2,3,3
2WGyTLYerpo_19,2,1,1,2,1
Njd1F0vZSm4_1,2,1,1,1,1
Njd1F0vZSm4_3,2,2,3,2,3
Njd1F0vZSm4_2,3,3,2,3,3
Njd1F0vZSm4_6,2,2,2,1,1
Njd1F0vZSm4_8,-2,-2,-2,-1,-2
0h-zjBukYpk_18,-2,-2,-2,-2,-2
0h-zjBukYpk_14,2,2,1,1,1
0h-zjBukYpk_16,1,1,0,0,1
0h-zjBukYpk_11,0,1,0,0,1
0h-zjBukYpk_10,0,-1,0,-1,-1
k5Y_838nuGo_30,1,1,2,2,2
k5Y_838nuGo_31,-1,-1,0,-2,-1
IumbAb8q2dM_15,2,2,1,2,ambiguous
IumbAb8q2dM_16,2,3,3,2,2
IumbAb8q2dM_17,ambiguous,2,2,2,2
IumbAb8q2dM_10,0,0,-1,0,0
IumbAb8q2dM_11,-2,-1,0,-1,-1
yDtzw_Y-7RU_17,0,0,1,0,0
bOL9jKpeJRs_23,0,-1,-1,ambiguous,-2
bOL9jKpeJRs_20,2,2,2,2,2
Nzq88NnDkEk_15,-1,-1,-2,-1,-1
Nzq88NnDkEk_17,-2,-2,-3,-2,-2
Sqr0AcuoNnk_21,-2,-2,-2,-2,-2
bOL9jKpeJRs_28,0,0,0,-1,-1
bOL9jKpeJRs_29,0,0,1,1,0
BI97DNYfe5I_19,1,2,2,1,2
BI97DNYfe5I_13,1,2,1,2,1
BI97DNYfe5I_11,2,2,2,2,2
BI97DNYfe5I_10,2,3,3,3,3
BI97DNYfe5I_17,1,1,2,2,2
BI97DNYfe5I_16,1,1,1,2,1
BI97DNYfe5I_15,2,2,2,2,2
BI97DNYfe5I_14,3,1,2,2,2
VbQk4H8hgr0_39,-2,-2,-2,-2,-2
VbQk4H8hgr0_38,-1,0,0,0,0
VbQk4H8hgr0_32,-3,-3,-2,-3,-3
VbQk4H8hgr0_37,-1,-2,-2,-2,-2
VbQk4H8hgr0_36,-2,-2,-1,-1,-1
VbQk4H8hgr0_35,-2,-2,-2,-2,-1
VbQk4H8hgr0_34,0,0,0,0,-1
Bfr499ggo-0_2,-1,-2,0,-1,-1
Bfr499ggo-0_3,2,2,2,1,1
Bfr499ggo-0_6,-1,-1,-1,-1,-2
Bfr499ggo-0_5,-2,-2,-1,-2,-2
Bfr499ggo-0_9,0,1,0,1,0
POKffnXeBds_6,-2,-2,-2,-2,-2
5W7Z1C_fDaE_5,3,1,2,2,2
5W7Z1C_fDaE_2,1,1,2,1,2
POKffnXeBds_3,-1,-1,-2,-1,ambiguous
8OtFthrtaJM_5,0,0,0,-1,0
5W7Z1C_fDaE_1,2,2,2,2,ambiguous
8OtFthrtaJM_9,1,0,1,0,0
8OtFthrtaJM_8,0,0,-1,0,0
5W7Z1C_fDaE_8,3,2,3,3,2
POKffnXeBds_9,-2,-2,-3,-2,-2
f9O3YtZ2VfI_12,-2,-2,-2,-1,-2
f9O3YtZ2VfI_11,-1,0,-1,-1,-1
f9O3YtZ2VfI_10,-2,-1,-3,-2,-2
f9O3YtZ2VfI_17,-2,-2,-2,-2,-2
f9O3YtZ2VfI_16,-1,-1,-2,0,-1
f9O3YtZ2VfI_15,-1,-2,-1,-1,-1
f9O3YtZ2VfI_18,0,-1,-2,-1,-1
tIrG4oNLFzE_10,-1,-2,-2,-2,-2
tIrG4oNLFzE_11,-2,-1,-1,-2,-2
5W7Z1C_fDaE_6,ambiguous,1,0,1,0
tIrG4oNLFzE_14,-3,-2,-2,-2,-3
tIrG4oNLFzE_15,-2,-2,-1,-2,-3
tIrG4oNLFzE_18,-2,-3,-2,-2,-2
BvYR0L6f2Ig_20,2,3,3,3,3
BvYR0L6f2Ig_22,ambiguous,ambiguous,-1,-1,ambiguous
BvYR0L6f2Ig_23,3,2,2,2,3
BvYR0L6f2Ig_24,1,1,2,2,2
BvYR0L6f2Ig_25,1,2,2,2,2
BvYR0L6f2Ig_26,1,1,2,0,1
HEsqda8_d0Q_34,-2,-1,-2,-2,-1
HEsqda8_d0Q_30,2,2,2,2,2
HEsqda8_d0Q_31,2,3,2,2,3
wMbj6ajWbic_25,2,2,2,2,2
wMbj6ajWbic_24,1,2,2,1,1
wMbj6ajWbic_23,1,2,2,2,2
wMbj6ajWbic_22,2,1,1,1,2
wMbj6ajWbic_21,1,2,2,2,1
wMbj6ajWbic_28,2,2,2,3,3
73jzhE8R1TQ_17,0,0,0,-1,-1
73jzhE8R1TQ_13,0,0,-1,-1,-1
73jzhE8R1TQ_12,-1,-1,-2,-1,-1
73jzhE8R1TQ_11,-2,-1,-1,-1,-1
73jzhE8R1TQ_10,2,1,2,1,1
73jzhE8R1TQ_19,-1,-2,-1,-1,-1
73jzhE8R1TQ_18,-2,-2,-2,-1,-1
TvyZBvOMOTc_7,2,1,1,2,2
vyB00TXsimI_14,2,2,2,2,2
G6GlGvlkxAQ_6,3,3,3,3,2
G6GlGvlkxAQ_1,3,2,2,3,3
G6GlGvlkxAQ_2,1,1,0,2,1
G6GlGvlkxAQ_3,1,2,1,1,1
G6GlGvlkxAQ_8,0,0,1,1,ambiguous
G6GlGvlkxAQ_9,0,1,1,1,1
Qr1Ca94K55A_14,2,2,3,3,3
Qr1Ca94K55A_13,-3,-2,-2,-1,-2
Qr1Ca94K55A_12,-1,-2,-2,-2,-2
Qr1Ca94K55A_11,2,2,2,2,2
Qr1Ca94K55A_10,-2,-1,-1,-2,-2
0h-zjBukYpk_21,2,2,2,2,2
0h-zjBukYpk_22,1,2,2,2,2
0h-zjBukYpk_23,2,3,2,3,3
0h-zjBukYpk_24,2,3,3,2,3
0h-zjBukYpk_25,2,2,2,3,2
aiEXnCPZubE_13,-2,-2,-2,-2,-2
aiEXnCPZubE_10,0,0,0,0,-1
aiEXnCPZubE_17,-2,-2,-2,-1,-2
aiEXnCPZubE_14,-3,-3,-3,-3,-3
aiEXnCPZubE_15,-3,-3,-3,-3,-2
tmZoasNr4rU_17,-1,-2,-1,-2,-1
tmZoasNr4rU_16,-2,-1,-1,-2,-1
tmZoasNr4rU_14,-2,-2,-2,-2,-2
tmZoasNr4rU_13,-1,-1,-1,0,-1
tmZoasNr4rU_12,-2,-2,-2,-2,-3
tmZoasNr4rU_11,-1,-1,0,0,-1
tmZoasNr4rU_10,-2,-1,-2,-2,-2
k5Y_838nuGo_26,2,2,2,2,2
k5Y_838nuGo_25,0,-1,0,0,0
k5Y_838nuGo_24,1,1,0,1,0
k5Y_838nuGo_23,0,0,0,-1,0
k5Y_838nuGo_22,0,1,1,0,0
k5Y_838nuGo_20,0,1,0,0,1
f9O3YtZ2VfI_27,2,2,1,2,1
8OtFthrtaJM_2,-2,0,-1,ambiguous,-1
nzpVDcQ0ywM_13,-1,0,-1,-1,-2
nzpVDcQ0ywM_17,1,2,1,2,2
nzpVDcQ0ywM_15,-1,0,-1,-1,0
nzpVDcQ0ywM_14,0,0,1,0,0
6_0THN4chvY_7,1,1,1,0,1
6_0THN4chvY_6,2,1,2,2,1
6_0THN4chvY_4,2,2,3,1,2
vyB00TXsimI_12,0,0,0,0,1
iiK8YX8oH1E_12,2,2,2,2,1
6_0THN4chvY_1,2,1,2,1,2
6_0THN4chvY_9,0,-1,-1,-1,0
6_0THN4chvY_8,2,2,2,1,3
iiK8YX8oH1E_13,-2,-2,-2,-2,-2
VbQk4H8hgr0_6,-2,-2,-2,-1,-2
QN9ZIUWUXsY_10,1,0,1,1,1
QN9ZIUWUXsY_11,-2,-1,-1,-1,-1
QN9ZIUWUXsY_14,3,2,2,3,3
QN9ZIUWUXsY_15,3,2,2,3,2
QN9ZIUWUXsY_16,3,2,2,2,2
QN9ZIUWUXsY_18,-2,-1,-2,-2,-2
yvsjCA6Y5Fc_20,1,0,1,1,1
yvsjCA6Y5Fc_21,-2,-2,-2,-1,-2
8OtFthrtaJM_6,-3,-3,-3,-2,-2
8qrpnFRGt2A_3,-2,-1,-2,-1,-2
8OtFthrtaJM_4,-2,-2,-2,-2,-2
MLal-t_vJPM_6,3,2,3,3,2
8qrpnFRGt2A_7,-1,-2,-2,-1,-2
8qrpnFRGt2A_6,-2,-2,-3,-3,-3
wMbj6ajWbic_7,-2,-1,-1,-1,-1
9T9Hf74oK10_9,1,2,2,1,2
8OtFthrtaJM_22,2,2,2,2,2
8OtFthrtaJM_20,-2,-2,-2,-1,-2
8OtFthrtaJM_21,-3,-2,-2,-2,-2
aiEXnCPZubE_1,-2,-2,-3,-2,-2
aiEXnCPZubE_6,3,2,3,3,3
aiEXnCPZubE_8,-2,-3,-3,-2,-2
tStelxIAHjw_8,-2,-2,-2,-2,-2
tStelxIAHjw_4,-3,-3,-2,-3,-3
tStelxIAHjw_7,2,1,2,1,1
tStelxIAHjw_6,2,1,2,2,1
yDtzw_Y-7RU_24,-1,-1,-1,0,-1
yDtzw_Y-7RU_22,2,2,2,2,2
yDtzw_Y-7RU_23,2,3,2,2,2
yDtzw_Y-7RU_21,1,0,0,0,0
TvyZBvOMOTc_15,2,2,2,2,2
TvyZBvOMOTc_11,1,0,1,2,1
TvyZBvOMOTc_10,0,-1,-1,0,0
TvyZBvOMOTc_13,1,2,2,2,2
1DmNV9C1hbY_8,-2,-2,-2,-1,-2
1DmNV9C1hbY_4,1,2,2,3,2
1DmNV9C1hbY_6,-2,-2,-2,-1,-1
1DmNV9C1hbY_7,-2,-2,-1,-2,-1
1DmNV9C1hbY_1,-2,-2,-2,-2,-2
1DmNV9C1hbY_3,1,1,1,1,1
HEsqda8_d0Q_22,0,1,1,0,0
HEsqda8_d0Q_25,2,2,2,1,2
rnaNMUZpvvg_13,-2,-2,-2,-2,-2
9qR7uwkblbs_8,1,1,1,1,1
9qR7uwkblbs_4,3,3,3,3,3
9qR7uwkblbs_6,-2,-3,-2,-2,-2
9qR7uwkblbs_2,3,3,2,3,3
G6GlGvlkxAQ_29,3,2,2,2,3
G6GlGvlkxAQ_27,-1,0,0,-1,0
G6GlGvlkxAQ_25,2,2,2,1,2
G6GlGvlkxAQ_24,2,2,2,2,2
rnaNMUZpvvg_18,-3,-2,-2,-2,-2
jUzDDGyPkXU_2,3,3,3,2,2
LSi-o-IrDMs_29,2,1,2,1,1
HEsqda8_d0Q_1,3,3,2,3,3
HEsqda8_d0Q_3,2,2,3,2,2
HEsqda8_d0Q_4,0,0,1,0,0
Dg_0XKD0Mf4_18,2,2,1,1,1
wMbj6ajWbic_17,3,1,2,2,2
Dg_0XKD0Mf4_16,1,1,1,1,2
Dg_0XKD0Mf4_14,-1,-1,-1,-1,-1
Dg_0XKD0Mf4_15,1,1,0,1,1
Dg_0XKD0Mf4_12,1,1,2,1,1
Dg_0XKD0Mf4_10,-1,-1,-2,-2,-2
Dg_0XKD0Mf4_11,2,2,1,2,1
wMbj6ajWbic_15,2,2,2,2,2
wMbj6ajWbic_13,2,1,3,2,2
phBUpBr1hSo_19,1,2,2,3,2
pLTX3ipuDJI_1,-3,-2,-2,-2,-3
pLTX3ipuDJI_2,-1,-2,-2,-2,-2
pLTX3ipuDJI_5,-3,-2,-1,-2,-2
pLTX3ipuDJI_7,0,1,1,1,1
2WGyTLYerpo_37,2,1,1,1,2
2WGyTLYerpo_30,-1,0,0,0,0
2WGyTLYerpo_31,2,2,2,2,2
Nzq88NnDkEk_19,-2,-3,-2,-3,-2
BvYR0L6f2Ig_10,-2,-2,-2,-2,-1
_dI--eQ6qVU_25,3,2,3,2,3
_dI--eQ6qVU_22,2,2,2,2,2
lXPQBPVc5Cw_9,-2,-3,-3,-2,-3
lXPQBPVc5Cw_8,3,3,2,3,2
d6hH302o4v8_18,-2,-2,-2,-2,-2
d6hH302o4v8_19,-2,-3,-3,-3,-3
Ci-AH39fi3Y_9,2,3,2,3,2
Ci-AH39fi3Y_8,3,2,2,2,2
Ci-AH39fi3Y_5,2,2,2,1,1
Ci-AH39fi3Y_4,2,2,2,1,2
Ci-AH39fi3Y_1,2,2,2,2,1
d6hH302o4v8_17,-2,-2,-2,-2,-2
d6hH302o4v8_14,-1,-2,-2,-2,-2
W8NXH0Djyww_1,2,3,3,3,3
W8NXH0Djyww_2,ambiguous,0,-1,0,0
W8NXH0Djyww_3,2,3,3,2,2
W8NXH0Djyww_4,0,1,0,1,1
W8NXH0Djyww_6,1,2,2,2,1
W8NXH0Djyww_7,2,2,2,2,2
W8NXH0Djyww_8,2,2,2,2,3
W8NXH0Djyww_9,2,2,2,2,2
6Egk_28TtTM_12,2,2,3,2,3
c7UH_rxdZv4_8,-3,-3,-3,-3,-2
c7UH_rxdZv4_2,-2,-3,-2,-3,-3
c7UH_rxdZv4_3,-1,0,-1,-1,-1
c7UH_rxdZv4_1,-3,-3,-2,-3,-3
c7UH_rxdZv4_6,-2,-3,-3,-2,-3
c7UH_rxdZv4_7,-3,-3,-3,-3,-3
c7UH_rxdZv4_4,1,2,2,1,2
c7UH_rxdZv4_5,-2,-2,-2,-3,-2
G-xst2euQUc_21,2,1,1,1,2
G-xst2euQUc_20,2,2,2,2,2
9c67fiY0wGQ_8,2,2,3,2,2
9c67fiY0wGQ_9,2,2,2,1,2
9c67fiY0wGQ_4,2,2,2,2,ambiguous
9c67fiY0wGQ_5,2,2,2,2,2
9c67fiY0wGQ_6,1,2,2,2,2
9c67fiY0wGQ_7,2,2,2,2,2
9c67fiY0wGQ_1,0,-1,0,0,0
9c67fiY0wGQ_2,1,2,2,2,2
9c67fiY0wGQ_3,2,2,2,2,2
X3j2zQgwYgE_9,-2,-2,-2,-2,-3
X3j2zQgwYgE_6,0,-1,0,-1,0
X3j2zQgwYgE_5,-3,-2,-2,-2,-2
X3j2zQgwYgE_3,-1,-2,-2,-2,-3
X3j2zQgwYgE_2,-1,-1,-2,-2,-2
Ci-AH39fi3Y_6,1,2,1,2,2
aiEXnCPZubE_30,3,3,3,3,2
d6hH302o4v8_16,-2,-2,-2,-2,-2
k5Y_838nuGo_4,1,2,1,0,1
k5Y_838nuGo_5,-2,-1,ambiguous,ambiguous,-1
k5Y_838nuGo_6,2,3,2,2,1
k5Y_838nuGo_7,-3,-2,-3,-2,-2
k5Y_838nuGo_1,-2,-1,-2,-2,-1
k5Y_838nuGo_9,1,2,2,2,2
ob23OKe5a9Q_1,1,1,2,1,1
ob23OKe5a9Q_4,ambiguous,-1,-2,-2,-1
ZUXBRvtny7o_2,-2,-1,-2,-1,-1
ZUXBRvtny7o_3,0,1,1,2,1
ZUXBRvtny7o_1,2,3,2,2,ambiguous
ZUXBRvtny7o_6,0,1,0,0,1
ZUXBRvtny7o_7,2,3,2,3,2
ZUXBRvtny7o_4,2,2,2,1,2
ZUXBRvtny7o_5,2,2,1,1,1
2WGyTLYerpo_28,2,2,2,3,3
2WGyTLYerpo_20,2,0,ambiguous,1,1
2WGyTLYerpo_27,2,1,2,2,2
2WGyTLYerpo_25,2,2,2,1,2
2WGyTLYerpo_24,2,1,2,2,1
aiEXnCPZubE_21,-2,-2,-2,-3,-2
BioHAh1qJAQ_7,2,3,3,2,3
BioHAh1qJAQ_6,-2,-1,-2,-2,-2
BioHAh1qJAQ_3,1,0,0,1,0
BioHAh1qJAQ_9,2,3,1,2,2
dq3Nf_lMPnE_7,-1,-2,-2,-2,-3
ZUXBRvtny7o_26,2,2,2,3,2
VCslbP0mgZI_16,-1,-2,-2,-2,-2
aiEXnCPZubE_25,2,2,2,1,1
03bSnISJMiM_4,-1,-2,-2,ambiguous,-2
03bSnISJMiM_1,2,2,3,3,2
03bSnISJMiM_3,0,-1,-1,-1,-2
jUzDDGyPkXU_19,2,2,3,2,2
jUzDDGyPkXU_17,-3,-3,-2,-3,-3
jUzDDGyPkXU_16,2,1,1,1,1
jUzDDGyPkXU_11,2,2,3,3,2
jUzDDGyPkXU_10,3,2,3,2,2
jUzDDGyPkXU_13,-1,0,0,-1,-1
jUzDDGyPkXU_12,1,1,0,0,ambiguous
cXypl4FnoZo_18,-1,0,ambiguous,0,0
cXypl4FnoZo_19,1,0,1,1,1
cXypl4FnoZo_17,0,-1,-1,0,-1
cXypl4FnoZo_12,2,2,1,3,2
cXypl4FnoZo_13,-1,-1,-1,-1,-1
cXypl4FnoZo_10,2,2,2,2,2
cXypl4FnoZo_11,1,2,1,2,1
_dI--eQ6qVU_19,1,1,2,2,1
_dI--eQ6qVU_10,1,1,1,1,1
_dI--eQ6qVU_12,3,2,2,3,3
_dI--eQ6qVU_13,3,3,2,3,2
_dI--eQ6qVU_16,1,1,1,0,1
_dI--eQ6qVU_17,0,0,0,ambiguous,-1
Clx4VXItLTE_5,0,-1,-1,0,-1
Clx4VXItLTE_4,-1,-1,-1,0,-1
Clx4VXItLTE_6,-1,0,-1,0,0
Clx4VXItLTE_1,0,-2,-1,-1,-1
Clx4VXItLTE_3,0,1,0,0,1
2iD-tVS8NPw_14,-1,-1,-1,-1,-1
Af8D0E4ZXaw_30,-1,-1,-1,-1,0
Af8D0E4ZXaw_31,-1,0,0,0,-1
k5Y_838nuGo_14,-2,-2,-1,-2,-2
k5Y_838nuGo_12,0,0,0,1,0
2iD-tVS8NPw_12,1,1,2,1,1
8OtFthrtaJM_3,-3,-2,-2,-3,-2
POKffnXeBds_4,-2,-3,-2,-1,-2
POKffnXeBds_5,-2,-2,-2,-2,-2
vyB00TXsimI_17,2,1,1,2,1
vyB00TXsimI_11,-1,0,0,0,0
OtBXNcAL_lE_17,-1,-2,-1,-1,-1
OtBXNcAL_lE_16,-1,0,-1,-1,0
aiEXnCPZubE_29,3,3,3,2,2
aiEXnCPZubE_28,1,1,1,1,1
vyB00TXsimI_18,3,3,2,2,2
Dg_0XKD0Mf4_4,0,0,0,0,1
Dg_0XKD0Mf4_5,1,1,1,1,1
Dg_0XKD0Mf4_1,-1,-1,-1,-1,-1
cW1FSBF59ik_16,3,3,3,3,3
POKffnXeBds_8,-2,-2,-2,-2,-2
lXPQBPVc5Cw_10,-3,-2,-2,-2,-2
5W7Z1C_fDaE_9,2,3,2,2,3
lXPQBPVc5Cw_13,3,3,3,2,3
WKA5OygbEKI_9,1,1,1,2,2
lXPQBPVc5Cw_12,-2,-2,-2,-2,-2
dq3Nf_lMPnE_15,1,1,1,1,1
lXPQBPVc5Cw_15,-3,-3,-3,-3,-2
WKA5OygbEKI_2,2,2,2,2,3
WKA5OygbEKI_3,1,1,1,1,2
dq3Nf_lMPnE_10,1,0,1,1,2
dq3Nf_lMPnE_12,-1,-2,-2,-2,-1
lXPQBPVc5Cw_17,-2,-1,-2,-2,-2
c5xsKMxpXnc_2,-3,-3,-3,-2,-2
BXuRRbG0Ugk_18,-2,-1,-1,-2,-1
BXuRRbG0Ugk_14,-1,-2,-2,-2,-1
BXuRRbG0Ugk_17,-1,-2,-1,-2,-2
BXuRRbG0Ugk_11,-2,-2,-1,-1,-2
BXuRRbG0Ugk_10,3,3,2,2,2
BXuRRbG0Ugk_12,1,2,1,1,1
yvsjCA6Y5Fc_13,-2,-2,-2,-2,-2
yvsjCA6Y5Fc_12,0,-1,-1,-1,0
yvsjCA6Y5Fc_11,2,2,2,2,2
yvsjCA6Y5Fc_10,-2,-2,-2,-2,-2
yvsjCA6Y5Fc_16,-2,-1,-2,-2,-2
yvsjCA6Y5Fc_15,-1,-2,-2,-3,-2
yvsjCA6Y5Fc_19,-1,-2,-2,-2,-1
atnd_PF-Lbs_1,-3,-3,-3,-3,-3
c5xsKMxpXnc_6,-2,-3,-2,-2,-1
Clx4VXItLTE_28,0,0,1,1,0
6_0THN4chvY_14,2,2,3,2,2
6_0THN4chvY_12,2,2,1,2,2
ZUXBRvtny7o_34,2,3,3,2,2
jUzDDGyPkXU_22,-3,-2,-2,-3,-2
jUzDDGyPkXU_24,-2,-1,-1,-1,0
jUzDDGyPkXU_25,-3,-2,-2,-1,-2
jUzDDGyPkXU_26,-2,-2,-2,-2,-2
jUzDDGyPkXU_27,-2,-2,-2,-2,-2
8OtFthrtaJM_13,-2,-3,-2,-2,-2
8OtFthrtaJM_11,-1,-1,ambiguous,0,0
8OtFthrtaJM_10,0,1,1,1,0
BXuRRbG0Ugk_8,2,2,ambiguous,1,2
8OtFthrtaJM_18,1,1,2,2,1
BXuRRbG0Ugk_1,-1,-1,-1,-1,-1
cM3Yna7AavY_13,-1,-2,-2,-1,-2
cM3Yna7AavY_12,-1,-1,-1,-1,-1
cM3Yna7AavY_11,2,2,2,2,2
cM3Yna7AavY_10,2,1,2,1,2
cM3Yna7AavY_16,-3,-3,-3,-3,-2
cM3Yna7AavY_14,-3,-2,-3,-3,-2
bOL9jKpeJRs_24,-1,-1,-1,-1,-1
yDtzw_Y-7RU_13,-1,-2,-2,-2,-2
yDtzw_Y-7RU_11,-2,-1,-2,-1,-1
yDtzw_Y-7RU_10,-1,0,-1,-1,0
atnd_PF-Lbs_13,-2,-2,-2,-2,-2
atnd_PF-Lbs_10,-3,-3,-2,-2,-2
atnd_PF-Lbs_17,0,1,1,2,1
d6hH302o4v8_34,-3,-3,-3,-3,-3
d6hH302o4v8_36,-2,-2,-2,-3,-2
d6hH302o4v8_37,-2,-2,-2,-2,-3
d6hH302o4v8_30,-3,-2,-3,-3,-3
d6hH302o4v8_33,-3,-3,-3,-3,-3
d6hH302o4v8_38,-3,-3,-3,-3,-3
d6hH302o4v8_39,-3,-3,-3,-3,-3
9T9Hf74oK10_10,-1,-1,-2,-1,-1
9T9Hf74oK10_14,2,2,2,1,3
zhpQhgha_KU_30,-3,-2,-2,-2,-1
c7UH_rxdZv4_19,-1,-2,-2,-2,-2
Af8D0E4ZXaw_29,0,-1,-1,0,0
Af8D0E4ZXaw_28,-1,0,0,0,0
9T9Hf74oK10_16,2,2,3,3,3
Af8D0E4ZXaw_20,2,1,2,2,1
Af8D0E4ZXaw_23,-1,0,-2,ambiguous,-1
Af8D0E4ZXaw_25,-3,-3,-2,-2,-3
Af8D0E4ZXaw_26,-2,-2,-3,-2,-3
c7UH_rxdZv4_15,-2,-3,-2,-2,-3
tIrG4oNLFzE_12,-3,-2,-2,-3,-3
lXPQBPVc5Cw_3,-3,-2,-2,-3,-2
lXPQBPVc5Cw_2,-2,-2,-3,-2,-2
lXPQBPVc5Cw_7,-3,-2,-3,-3,-3
lXPQBPVc5Cw_6,-1,-1,-1,-2,-2
ob23OKe5a9Q_13,1,1,2,ambiguous,1
ob23OKe5a9Q_12,3,3,3,3,2
ob23OKe5a9Q_14,1,1,0,1,1
vyB00TXsimI_20,3,2,2,2,2
vyB00TXsimI_22,0,1,0,1,1
2WGyTLYerpo_8,2,2,2,2,1
2WGyTLYerpo_1,2,1,2,2,3
2WGyTLYerpo_4,0,0,-1,-1,0
2WGyTLYerpo_6,2,2,3,2,3
73jzhE8R1TQ_9,1,0,ambiguous,1,0
73jzhE8R1TQ_7,1,2,2,1,1
73jzhE8R1TQ_1,1,2,1,0,1
yvsjCA6Y5Fc_3,-2,-2,-2,-2,-2
yvsjCA6Y5Fc_2,-2,-1,-1,-1,-1
yvsjCA6Y5Fc_1,-2,-3,-2,-2,-1
yvsjCA6Y5Fc_7,-2,-2,-1,-2,-2
Jkswaaud0hk_19,2,2,2,2,1
c5xsKMxpXnc_13,-1,-1,-1,-2,-1
OtBXNcAL_lE_24,-2,-2,-2,-2,-2
OtBXNcAL_lE_20,-1,-2,-2,-2,-2
OtBXNcAL_lE_21,-2,-2,-2,-2,-2
OtBXNcAL_lE_22,-2,-2,-2,-2,-2
lXPQBPVc5Cw_19,-1,-2,-2,-2,-2
cW1FSBF59ik_18,3,2,3,3,2
cW1FSBF59ik_19,1,0,0,0,0
lXPQBPVc5Cw_11,-2,-2,-2,-1,-2
cW1FSBF59ik_15,-3,-2,-3,-3,-2
lXPQBPVc5Cw_14,-2,-2,-2,-3,-2
BXuRRbG0Ugk_29,2,2,2,2,2
ob23OKe5a9Q_2,0,2,1,ambiguous,1
BXuRRbG0Ugk_20,0,-1,0,-1,0
BXuRRbG0Ugk_21,3,2,3,2,2
BXuRRbG0Ugk_24,2,2,2,3,3
BXuRRbG0Ugk_26,2,2,2,1,1
PZ-lDQFboO8_2,-2,-2,-2,-2,-1
PZ-lDQFboO8_3,-2,-2,-1,-1,-2
PZ-lDQFboO8_1,-2,-1,-1,-2,-1
PZ-lDQFboO8_6,-2,-1,-2,-2,-1
PZ-lDQFboO8_7,-2,-1,-2,-2,-1
PZ-lDQFboO8_5,2,1,1,2,1
PZ-lDQFboO8_9,-2,-2,-2,-2,-3
tIrG4oNLFzE_7,-1,-1,-2,-2,-1
IumbAb8q2dM_2,0,-1,0,-1,ambiguous
IumbAb8q2dM_6,2,2,3,3,2
IumbAb8q2dM_5,3,2,2,3,3
IumbAb8q2dM_8,3,3,3,3,3
IumbAb8q2dM_9,2,1,2,2,2
9c67fiY0wGQ_12,2,2,2,2,2
9c67fiY0wGQ_11,1,2,2,2,1
c5xsKMxpXnc_12,-2,-2,-2,-2,-2
c5xsKMxpXnc_11,-1,-1,0,-1,-1
c5xsKMxpXnc_14,-2,-3,-2,-2,-1
c5xsKMxpXnc_15,-2,-1,-1,-2,-1
Jkswaaud0hk_11,1,2,2,2,2
Jkswaaud0hk_13,2,2,2,1,2
Jkswaaud0hk_12,1,2,2,2,1
Jkswaaud0hk_15,2,2,2,2,2
Jkswaaud0hk_14,1,1,0,0,1
Jkswaaud0hk_17,0,0,0,1,0
Jkswaaud0hk_16,1,2,1,2,2
tIrG4oNLFzE_3,3,2,3,3,2
Oz06ZWiO20M_2,-2,-2,-3,-2,-3
Oz06ZWiO20M_4,2,2,1,1,2
tIrG4oNLFzE_6,1,1,1,2,ambiguous
bOL9jKpeJRs_34,3,3,3,2,3
tIrG4oNLFzE_4,1,2,1,2,1
bOL9jKpeJRs_33,2,2,1,2,3
tIrG4oNLFzE_1,2,3,3,3,3
d6hH302o4v8_23,-3,-2,-3,-2,-3
d6hH302o4v8_21,-2,-3,-2,-3,-2
d6hH302o4v8_20,1,1,1,1,1
d6hH302o4v8_27,-3,-3,-2,-2,-3
d6hH302o4v8_26,-3,-3,-2,-2,-3
d6hH302o4v8_25,-1,-2,-2,-2,-1
d6hH302o4v8_24,-3,-3,-3,-2,-3
zhpQhgha_KU_18,1,0,1,1,0
G-xst2euQUc_8,2,3,2,2,2
G-xst2euQUc_9,3,1,2,2,2
G-xst2euQUc_4,-2,-2,-1,-2,-3
zhpQhgha_KU_13,-1,-1,-1,-1,-1
G-xst2euQUc_6,3,2,3,2,2
zhpQhgha_KU_11,-3,-3,-2,-2,-2
zhpQhgha_KU_16,2,2,1,2,2
G-xst2euQUc_1,2,2,2,2,2
G-xst2euQUc_3,-1,-1,-2,-2,-1
BioHAh1qJAQ_2,3,2,2,2,2
Af8D0E4ZXaw_14,1,2,1,2,2
Af8D0E4ZXaw_16,2,2,2,2,3
Af8D0E4ZXaw_11,0,1,0,1,0
Af8D0E4ZXaw_13,2,2,2,2,2
Af8D0E4ZXaw_18,2,2,2,3,2
Af8D0E4ZXaw_19,2,2,3,3,2
BioHAh1qJAQ_8,3,2,3,2,2
VbQk4H8hgr0_15,1,2,3,2,2
PZ-lDQFboO8_12,-2,-2,-2,-1,-1
tmZoasNr4rU_6,-2,-1,-2,-2,-2
tmZoasNr4rU_3,-2,-2,-2,-2,-2
tmZoasNr4rU_2,-2,-2,-2,-2,-2
tmZoasNr4rU_8,-2,-2,-2,-2,-2
7JsX8y1ysxY_11,-1,-1,-1,-1,-1
Jkswaaud0hk_2,2,2,3,2,1
7JsX8y1ysxY_14,-3,-2,-2,-2,-2
7JsX8y1ysxY_16,2,2,2,2,3
7JsX8y1ysxY_19,0,0,0,0,-1
v0zCBqDeKcE_3,1,1,0,1,0
Jkswaaud0hk_8,1,2,1,2,2
tStelxIAHjw_11,-3,-3,-3,-3,-2
tStelxIAHjw_13,-2,-2,-1,-2,-1
v0zCBqDeKcE_5,2,2,2,2,2
lXPQBPVc5Cw_25,-3,-2,-2,-3,-2
lXPQBPVc5Cw_26,-3,-2,-3,-3,-3
lXPQBPVc5Cw_27,-2,-3,-3,-3,-3
lXPQBPVc5Cw_22,2,2,3,3,3
lXPQBPVc5Cw_23,-2,-3,-3,-2,-2
BXuRRbG0Ugk_30,-2,-2,-2,-2,-2
I5y0__X72p0_3,-2,-1,-1,-2,-2
I5y0__X72p0_1,0,1,0,1,1
I5y0__X72p0_6,1,2,2,2,1
I5y0__X72p0_7,-1,-1,-2,-2,-1
I5y0__X72p0_5,1,2,1,2,1
I5y0__X72p0_9,1,2,1,2,2
d3_k5Xpfmik_1,2,1,3,2,2
d3_k5Xpfmik_5,2,2,2,2,3
d3_k5Xpfmik_6,2,2,1,2,1
d3_k5Xpfmik_8,2,2,2,2,3
f_pcplsH_V0_13,1,2,1,2,2
9J25DZhivz8_22,-1,-1,-1,0,-1
cXypl4FnoZo_20,-1,-1,-1,-1,-1
9J25DZhivz8_20,3,2,2,2,3
9J25DZhivz8_25,2,2,2,2,2
vyB00TXsimI_4,2,2,2,2,1
vyB00TXsimI_7,2,3,2,2,3
cXypl4FnoZo_24,0,0,1,0,0
vyB00TXsimI_2,-2,-3,-3,-2,-2
vyB00TXsimI_9,-1,0,0,ambiguous,0
vyB00TXsimI_8,3,3,2,3,2
cXypl4FnoZo_29,-1,-2,-2,-1,-1
cXypl4FnoZo_28,-2,-2,-3,-2,-2
1iG0909rllw_16,-1,-1,-2,-1,-2
BioHAh1qJAQ_14,3,3,2,2,3
1iG0909rllw_15,-1,-1,-1,-2,-2
1iG0909rllw_12,1,2,2,2,1
1iG0909rllw_10,0,1,1,1,0
1iG0909rllw_11,2,2,3,2,2
BioHAh1qJAQ_18,2,2,2,2,2
1iG0909rllw_18,-1,-2,-2,-2,-2
9J25DZhivz8_9,3,2,2,3,3
9J25DZhivz8_3,2,2,2,2,2
9J25DZhivz8_2,3,3,2,2,2
9J25DZhivz8_1,3,2,2,2,2
9J25DZhivz8_7,2,3,2,2,2
9J25DZhivz8_6,3,3,2,3,3
9J25DZhivz8_5,1,2,2,2,2
9J25DZhivz8_4,3,3,3,2,3
OQvJTdtJ2H4_1,-1,-1,-1,-1,-1
OQvJTdtJ2H4_3,-2,-1,-2,-2,-1
OQvJTdtJ2H4_4,-2,-2,-2,-2,-2
OQvJTdtJ2H4_6,-1,-1,-2,ambiguous,0
9T9Hf74oK10_25,-1,-1,0,-1,0
9T9Hf74oK10_24,-2,-1,-1,0,-1
9T9Hf74oK10_23,1,0,0,0,0
9T9Hf74oK10_22,0,0,0,1,1
OtBXNcAL_lE_12,-2,-2,-2,-2,-2
c7UH_rxdZv4_22,-2,-3,-2,-2,-3
c7UH_rxdZv4_24,-1,-2,-2,-2,-2
c7UH_rxdZv4_27,-2,-1,-2,-2,-2
c7UH_rxdZv4_26,-2,-3,-2,-3,-3
c7UH_rxdZv4_29,1,1,0,0,1
Iu2PFX3z_1s_1,3,2,3,2,2
Iu2PFX3z_1s_7,2,2,2,3,1
Iu2PFX3z_1s_9,1,1,1,2,2
OtBXNcAL_lE_15,-1,0,0,-1,0
Oz06ZWiO20M_22,-2,-2,-1,-2,-1
Oz06ZWiO20M_23,-1,-2,-1,-2,-2
Oz06ZWiO20M_21,0,0,0,1,1
Sqr0AcuoNnk_9,2,2,2,2,2
Oz06ZWiO20M_25,2,1,2,2,2
Sqr0AcuoNnk_4,-2,-2,-3,-2,-2
Sqr0AcuoNnk_1,-1,0,-1,ambiguous,-1
Sqr0AcuoNnk_2,-1,-2,-2,-2,-2
zhpQhgha_KU_12,-2,-1,-1,-1,-2
Nzq88NnDkEk_8,-1,-1,-1,-1,-1
Nzq88NnDkEk_9,-3,-3,-3,-3,-3
G-xst2euQUc_5,2,1,2,2,2
Nzq88NnDkEk_2,-3,-3,-3,-3,-2
Nzq88NnDkEk_1,0,0,0,-1,-1
Nzq88NnDkEk_6,2,2,2,2,1
Nzq88NnDkEk_7,2,2,1,2,2
Nzq88NnDkEk_4,-1,0,-1,-1,-1
G-xst2euQUc_7,3,2,2,2,2
VbQk4H8hgr0_1,-3,-2,-2,-2,-2
f_pcplsH_V0_4,1,ambiguous,0,1,0
VbQk4H8hgr0_3,-1,-1,0,-1,-1
VbQk4H8hgr0_2,2,2,2,2,2
VbQk4H8hgr0_5,-2,-2,-2,-2,-3
VbQk4H8hgr0_4,-2,-2,-2,-2,-3
VbQk4H8hgr0_7,-2,-2,-2,-2,-2
zhpQhgha_KU_17,1,2,2,2,ambiguous
zhpQhgha_KU_14,-2,ambiguous,-2,-1,-1
zhpQhgha_KU_15,-2,-3,-2,-1,-2
0h-zjBukYpk_9,-1,-1,-2,-1,0
0h-zjBukYpk_8,1,1,1,0,1
0h-zjBukYpk_7,2,2,2,2,1
0h-zjBukYpk_3,-1,0,0,0,0
0h-zjBukYpk_2,-3,-2,-3,-3,-3
lXPQBPVc5Cw_30,-2,-2,-2,-2,-2
VCslbP0mgZI_6,2,2,2,2,2
lXPQBPVc5Cw_21,2,2,2,2,1
cW1FSBF59ik_5,1,3,2,2,2
bvLlb-M3UXU_15,3,2,2,2,2
bvLlb-M3UXU_14,1,1,1,1,1
bvLlb-M3UXU_17,1,1,1,2,1
bvLlb-M3UXU_16,-2,-1,-2,-1,-2
bvLlb-M3UXU_10,2,1,1,2,2
_dI--eQ6qVU_8,3,2,3,3,2
_dI--eQ6qVU_6,3,3,3,2,3
_dI--eQ6qVU_7,2,1,2,2,2
_dI--eQ6qVU_4,3,3,3,3,3
_dI--eQ6qVU_5,3,3,3,3,3
_dI--eQ6qVU_2,3,3,3,3,3
_dI--eQ6qVU_3,0,0,0,-1,0
_dI--eQ6qVU_1,2,3,2,3,2
k5Y_838nuGo_28,2,2,2,2,2
BioHAh1qJAQ_22,-2,-2,-2,-2,-3
BioHAh1qJAQ_23,-2,-2,-2,-2,-2
BioHAh1qJAQ_25,-1,-2,-1,-2,-2
BioHAh1qJAQ_28,-2,-2,-2,-1,-3
bOL9jKpeJRs_19,3,2,2,2,3
bOL9jKpeJRs_18,3,3,3,3,3
bOL9jKpeJRs_17,2,3,2,3,2
bOL9jKpeJRs_16,2,2,3,2,2
bOL9jKpeJRs_15,3,2,2,3,3
bOL9jKpeJRs_11,2,2,2,2,1
VbQk4H8hgr0_48,-2,-2,-2,-3,-2
VbQk4H8hgr0_46,-2,-2,-2,-1,-2
VbQk4H8hgr0_44,-2,-2,-2,-2,-2
VbQk4H8hgr0_45,-2,-2,-2,-2,-3
VbQk4H8hgr0_42,-2,-3,-2,-3,-2
VbQk4H8hgr0_41,-3,-2,-3,-3,-2
9T9Hf74oK10_12,2,2,2,3,2
9T9Hf74oK10_13,3,2,3,3,2
c7UH_rxdZv4_18,-2,-2,ambiguous,-2,-3
9T9Hf74oK10_15,0,-1,-1,0,0
zhpQhgha_KU_33,-1,0,0,-1,0
9T9Hf74oK10_18,1,1,1,2,1
9T9Hf74oK10_19,1,1,2,2,1
c7UH_rxdZv4_16,-2,-2,-2,-2,-2
c7UH_rxdZv4_17,-1,-2,-1,-1,-2
c7UH_rxdZv4_10,1,1,1,1,0
c7UH_rxdZv4_11,1,1,1,1,1
c7UH_rxdZv4_12,-3,-3,-3,-3,-2
c7UH_rxdZv4_13,-3,-3,-2,-2,-3
nbWiPyCm4g0_8,-2,-2,-2,-3,-2
nbWiPyCm4g0_9,-1,-2,-2,-1,-1
nbWiPyCm4g0_2,-2,-2,-3,-3,-2
fvVhgmXxadc_2,-2,-3,-3,-3,-3
nbWiPyCm4g0_4,-2,-2,-2,-3,-2
nbWiPyCm4g0_5,-2,-1,-1,-2,-1
fvVhgmXxadc_3,-2,-3,-2,-2,-2
fvVhgmXxadc_4,-3,-3,-2,-3,-3
fvVhgmXxadc_6,0,-1,0,0,0
cW1FSBF59ik_20,2,3,3,2,ambiguous
I5y0__X72p0_33,1,2,1,1,1
Jkswaaud0hk_1,2,3,2,3,2
7JsX8y1ysxY_10,2,ambiguous,3,1,2
Jkswaaud0hk_3,2,2,2,2,3
Jkswaaud0hk_5,1,2,2,2,2
Jkswaaud0hk_7,1,0,0,0,0
Njd1F0vZSm4_12,-2,-2,-2,-2,-1
nzpVDcQ0ywM_9,-3,-2,-2,-2,-2
nzpVDcQ0ywM_8,2,2,2,2,2
nzpVDcQ0ywM_7,-1,-1,-1,-2,0
nzpVDcQ0ywM_5,0,0,-1,-1,0
nzpVDcQ0ywM_4,-1,-2,-1,-2,-2
rnaNMUZpvvg_4,-2,-2,-3,-3,-2
rnaNMUZpvvg_5,-3,-2,-3,-3,-3
rnaNMUZpvvg_6,-3,-2,-3,-3,-2
rnaNMUZpvvg_1,-3,-2,-2,-3,-3
rnaNMUZpvvg_2,2,3,2,2,ambiguous
iiK8YX8oH1E_17,2,2,1,1,2
phBUpBr1hSo_11,2,1,2,3,2
cW1FSBF59ik_8,2,1,2,2,2
6_0THN4chvY_3,2,3,2,1,2
cW1FSBF59ik_7,0,1,ambiguous,1,0
cW1FSBF59ik_1,-2,-3,-2,-3,-3
cW1FSBF59ik_2,3,3,3,3,3
cW1FSBF59ik_3,-1,-1,-1,-1,-1
W8NXH0Djyww_19,-1,0,ambiguous,-1,-1
iiK8YX8oH1E_11,1,1,1,1,1
W8NXH0Djyww_12,2,2,3,2,3
W8NXH0Djyww_13,2,2,2,3,2
W8NXH0Djyww_11,-3,-2,-2,-2,-2
W8NXH0Djyww_16,3,2,2,2,3
W8NXH0Djyww_14,2,2,2,3,2
W8NXH0Djyww_15,3,3,2,2,2
I5y0__X72p0_38,0,0,0,0,1
cW1FSBF59ik_23,1,1,2,2,1
fvVhgmXxadc_7,0,-1,-1,-1,-2
fvVhgmXxadc_8,-1,0,0,-1,ambiguous
fvVhgmXxadc_9,0,-1,-1,0,0
I5y0__X72p0_30,1,2,2,1,2
I5y0__X72p0_31,2,1,1,2,2
I5y0__X72p0_37,1,1,1,1,1
I5y0__X72p0_34,1,1,1,0,1
I5y0__X72p0_35,2,2,2,1,2
wMbj6ajWbic_9,-2,-2,-2,-2,-2
d6hH302o4v8_13,-2,-2,-2,-2,-2
BI97DNYfe5I_9,2,2,1,1,1
Af8D0E4ZXaw_6,-2,-2,-2,-2,-2
Af8D0E4ZXaw_7,-2,-2,-2,-2,-2
Af8D0E4ZXaw_4,0,0,-1,-1,0
bvLlb-M3UXU_21,-1,-1,-2,-1,-1
bvLlb-M3UXU_22,-1,-2,-2,-2,-2
bvLlb-M3UXU_23,1,1,1,1,0
bvLlb-M3UXU_24,-2,-1,-2,-1,-1
OQvJTdtJ2H4_12,ambiguous,-1,-1,-1,-2
OQvJTdtJ2H4_11,-3,-2,-2,-2,-2
vvZ4IcEtiZc_9,2,2,2,3,2
vvZ4IcEtiZc_7,1,1,2,2,1
vvZ4IcEtiZc_6,0,2,1,1,1
vvZ4IcEtiZc_4,3,2,2,2,2
vvZ4IcEtiZc_2,3,3,2,2,2
d3_k5Xpfmik_11,2,3,3,2,2
d3_k5Xpfmik_10,1,0,0,1,0
BI97DNYfe5I_1,2,2,2,2,2
d3_k5Xpfmik_15,3,3,2,2,3
d3_k5Xpfmik_14,2,2,2,2,2
BI97DNYfe5I_4,2,1,2,1,1
MLal-t_vJPM_3,2,2,1,2,1
phBUpBr1hSo_18,1,1,0,1,1
atnd_PF-Lbs_4,-3,-2,-2,-3,-2
1iG0909rllw_30,-1,-2,-2,-1,-2
7JsX8y1ysxY_8,-1,-1,-1,-2,-1
7JsX8y1ysxY_3,-3,-2,-3,-2,-3
7JsX8y1ysxY_2,2,2,2,3,2
7JsX8y1ysxY_4,2,1,1,2,1
7JsX8y1ysxY_7,-1,-1,-2,-2,-2
9qR7uwkblbs_19,-1,ambiguous,0,0,0
9qR7uwkblbs_18,1,0,0,0,0
9qR7uwkblbs_15,-1,ambiguous,-1,-1,0
9qR7uwkblbs_13,-2,-2,-2,-1,-1
VbQk4H8hgr0_54,-2,-2,-3,-3,-2
VbQk4H8hgr0_51,-1,-1,-2,-1,-1
VbQk4H8hgr0_50,0,-1,-2,-1,-1
fvVhgmXxadc_13,0,0,1,0,0
fvVhgmXxadc_11,0,0,-1,0,0
zhpQhgha_KU_21,1,1,0,0,1
zhpQhgha_KU_20,-1,-2,-1,-2,-1
zhpQhgha_KU_27,1,1,0,1,1
zhpQhgha_KU_25,2,0,1,1,1
zhpQhgha_KU_28,1,2,1,1,2
LSi-o-IrDMs_16,0,1,1,1,0
LSi-o-IrDMs_17,2,1,2,1,2
QN9ZIUWUXsY_4,-2,-3,-3,-2,-2
QN9ZIUWUXsY_5,3,2,3,2,3
LSi-o-IrDMs_13,-2,-2,-2,-3,-3
LSi-o-IrDMs_10,-2,-2,-2,-2,-2
LSi-o-IrDMs_11,2,1,1,1,2
LSi-o-IrDMs_19,2,2,2,2,2
GWuJjcEuzt8_10,2,2,3,2,2
GWuJjcEuzt8_11,2,1,1,2,1
GWuJjcEuzt8_14,1,2,1,0,1
GWuJjcEuzt8_15,1,1,1,1,0
phBUpBr1hSo_10,-1,-2,-1,-2,-1
8d-gEyoeBzc_5,-2,-2,-2,-2,-2
8d-gEyoeBzc_4,0,0,0,-1,0
8d-gEyoeBzc_6,-1,ambiguous,-1,-2,-2
7JsX8y1ysxY_29,-1,ambiguous,-1,-2,-2
8d-gEyoeBzc_3,0,0,0,-1,0
7JsX8y1ysxY_24,3,2,3,2,2
7JsX8y1ysxY_25,3,3,2,2,3
7JsX8y1ysxY_26,2,2,1,2,2
7JsX8y1ysxY_27,1,3,2,2,2
7JsX8y1ysxY_20,1,1,0,1,1
7JsX8y1ysxY_22,2,3,3,3,2
7JsX8y1ysxY_23,2,2,2,3,3
8qrpnFRGt2A_21,-2,-1,-2,-2,-3
Clx4VXItLTE_18,-1,-1,ambiguous,0,0
Clx4VXItLTE_15,-1,0,ambiguous,-1,-1
Clx4VXItLTE_14,2,2,1,1,2
Clx4VXItLTE_11,-1,-1,-1,-1,-2
Clx4VXItLTE_12,-1,-1,-1,-2,-2
03bSnISJMiM_13,2,2,2,2,1
BvYR0L6f2Ig_5,0,0,0,0,-1
BvYR0L6f2Ig_4,-1,-2,-1,-1,0
BvYR0L6f2Ig_7,1,1,2,1,1
d6hH302o4v8_4,-2,-2,-2,-1,-1
d6hH302o4v8_6,-2,-2,-2,-2,-2
BvYR0L6f2Ig_2,2,2,2,3,1
d6hH302o4v8_8,-2,-2,-2,-3,-2
d6hH302o4v8_9,-2,-3,-3,-2,-2
atnd_PF-Lbs_2,-3,-3,-3,-3,-3
etzxEpPuc6I_11,-2,-2,-2,-1,-1
etzxEpPuc6I_13,-2,-3,-2,-2,-2
I5y0__X72p0_21,-2,0,-1,-1,-1
I5y0__X72p0_23,-2,-2,-2,-2,-2
I5y0__X72p0_22,-2,-2,-1,-2,-1
I5y0__X72p0_26,-1,0,0,-1,-1
iiK8YX8oH1E_8,-1,-1,-1,-1,-1
iiK8YX8oH1E_4,-2,-2,-2,-2,-2
iiK8YX8oH1E_3,-2,ambiguous,-1,-1,-1
iiK8YX8oH1E_1,-3,-2,-2,-3,-3
9J25DZhivz8_13,ambiguous,0,0,0,-1
9J25DZhivz8_12,0,0,0,1,0
9J25DZhivz8_10,2,2,1,2,2
9J25DZhivz8_16,3,2,3,2,2
9J25DZhivz8_15,0,1,2,ambiguous,1
1iG0909rllw_29,-2,-1,-2,-1,-1
1iG0909rllw_27,2,2,2,1,2
1iG0909rllw_25,3,2,2,2,1
1iG0909rllw_24,-1,-2,-1,-1,0
1iG0909rllw_21,0,0,-1,-1,0
Ci-AH39fi3Y_19,-1,-1,-1,-1,0
Ci-AH39fi3Y_18,-1,-1,-2,-1,-1
Ci-AH39fi3Y_17,-3,-3,-3,-2,-2
Ci-AH39fi3Y_12,3,2,2,2,2
9qR7uwkblbs_28,-1,-1,-1,-2,0
9qR7uwkblbs_20,0,-1,ambiguous,-1,0
9qR7uwkblbs_21,-2,-2,-2,-1,-1
9qR7uwkblbs_23,-2,-1,-1,-1,-2
9qR7uwkblbs_24,-1,-2,0,-1,ambiguous
9qR7uwkblbs_27,0,0,0,0,1
rnaNMUZpvvg_14,-3,-2,-2,-3,-3
jUzDDGyPkXU_9,3,3,2,3,3
jUzDDGyPkXU_8,2,2,2,2,1
rnaNMUZpvvg_10,-2,-2,-3,-3,-3
rnaNMUZpvvg_11,-2,-2,-3,-3,-3
jUzDDGyPkXU_5,-1,-1,-1,-2,-1
jUzDDGyPkXU_4,-2,-1,-1,-2,-2
jUzDDGyPkXU_1,3,3,2,3,3
7JsX8y1ysxY_9,2,1,2,2,2
8d-gEyoeBzc_17,1,1,1,0,2
8d-gEyoeBzc_11,2,1,2,2,1
8d-gEyoeBzc_13,1,1,2,2,1
8d-gEyoeBzc_12,1,2,2,2,1
8d-gEyoeBzc_19,1,2,2,1,2
Nzq88NnDkEk_30,-3,-3,-3,-3,-3
Nzq88NnDkEk_31,2,2,1,1,2
v0zCBqDeKcE_14,1,2,ambiguous,2,1
WKA5OygbEKI_12,0,1,0,0,0
WKA5OygbEKI_13,2,2,2,2,2
WKA5OygbEKI_17,1,0,0,0,1
WKA5OygbEKI_14,2,2,3,2,2
WKA5OygbEKI_15,2,2,2,2,1
WKA5OygbEKI_18,1,1,1,1,1
WKA5OygbEKI_19,-2,-1,-1,-2,-1
c5xsKMxpXnc_8,-1,-1,-2,-1,-1
9T9Hf74oK10_7,0,-1,-1,-1,-1
pLTX3ipuDJI_12,-2,-2,-2,-2,-2
pLTX3ipuDJI_10,-2,-2,-1,-2,-1
c5xsKMxpXnc_5,-2,-3,-2,-2,-2
pLTX3ipuDJI_14,-2,-2,-2,-2,-2
c5xsKMxpXnc_7,-3,-3,-3,-3,-3
9T9Hf74oK10_5,-2,-2,-1,-2,-2
MLal-t_vJPM_7,2,3,2,2,2
dq3Nf_lMPnE_6,0,1,1,1,1
MLal-t_vJPM_5,2,2,2,2,3
VCslbP0mgZI_14,-2,-2,-1,-2,-1
VCslbP0mgZI_17,-1,-1,0,-1,0
VCslbP0mgZI_11,-3,-2,-3,-3,-2
VCslbP0mgZI_10,-3,-2,-2,-2,-2
VCslbP0mgZI_13,0,1,1,2,1
8qrpnFRGt2A_9,-1,-1,-1,-2,0
wMbj6ajWbic_6,2,2,2,2,1
MLal-t_vJPM_8,3,3,2,2,3
7JsX8y1ysxY_38,-1,-2,-2,-2,-2
tStelxIAHjw_14,-1,-2,-2,-2,-2
7JsX8y1ysxY_33,2,2,1,1,1
7JsX8y1ysxY_31,2,2,2,2,3
7JsX8y1ysxY_30,3,2,2,2,2
7JsX8y1ysxY_36,-2,-1,-2,-2,-1
7JsX8y1ysxY_35,-1,-1,0,-1,-2
7JsX8y1ysxY_34,-1,-1,-1,0,0
Oz06ZWiO20M_13,1,1,1,0,0
Oz06ZWiO20M_14,2,1,0,ambiguous,1
tStelxIAHjw_12,-2,0,-1,-1,-1
phBUpBr1hSo_7,-1,-1,-1,0,-2
phBUpBr1hSo_3,3,3,3,2,3
Clx4VXItLTE_21,1,0,0,0,1
Clx4VXItLTE_23,2,1,2,ambiguous,2
phBUpBr1hSo_8,-2,-3,-2,-2,-2
phBUpBr1hSo_9,-2,-2,-1,-2,-3
Clx4VXItLTE_26,ambiguous,1,0,1,2
2WGyTLYerpo_58,-1,-1,-2,-2,-1
2WGyTLYerpo_59,2,2,2,2,2
2WGyTLYerpo_56,-1,0,0,-1,0
2WGyTLYerpo_57,-2,-2,-2,-1,-1
2WGyTLYerpo_54,-2,-2,-2,-2,-2
2WGyTLYerpo_50,-2,-2,-2,-1,-2
W8NXH0Djyww_32,3,2,2,1,2
I5y0__X72p0_14,-1,-1,0,0,0
I5y0__X72p0_17,-1,-1,-1,-1,-1
I5y0__X72p0_11,1,0,1,1,0
I5y0__X72p0_12,0,0,-1,-1,-1
I5y0__X72p0_18,2,2,1,2,2
phBUpBr1hSo_4,-1,-1,-1,0,-1
bvLlb-M3UXU_9,0,0,0,-1,ambiguous
bvLlb-M3UXU_5,-1,-1,-2,-1,-1
bvLlb-M3UXU_4,2,3,2,2,2
bvLlb-M3UXU_7,0,-1,-1,-1,-2
bvLlb-M3UXU_1,0,0,-1,0,0
bvLlb-M3UXU_3,-3,-2,-2,-2,-3
bvLlb-M3UXU_2,-2,-2,-3,-2,-2
ZUXBRvtny7o_20,0,0,0,1,ambiguous
f9O3YtZ2VfI_1,-1,-1,-2,-1,-1
ZUXBRvtny7o_25,2,2,2,2,1
f9O3YtZ2VfI_6,-2,-3,-3,-2,-3
ZUXBRvtny7o_27,ambiguous,ambiguous,1,1,2
f9O3YtZ2VfI_4,-3,-2,-2,-2,-3
Ci-AH39fi3Y_28,1,0,0,0,1
Ci-AH39fi3Y_29,1,1,1,2,2
Ci-AH39fi3Y_20,3,3,3,3,2
Ci-AH39fi3Y_21,2,1,1,1,1
Ci-AH39fi3Y_22,0,0,1,1,0
Ci-AH39fi3Y_24,-1,-1,-1,-1,ambiguous
Ci-AH39fi3Y_25,1,2,2,2,2
Ci-AH39fi3Y_26,-1,-1,-1,-1,0
Ci-AH39fi3Y_27,0,-1,-1,0,-1
9qR7uwkblbs_32,3,3,2,2,2
1iG0909rllw_4,-1,-1,-1,-1,-2
1iG0909rllw_5,2,3,2,2,2
1iG0909rllw_6,2,2,1,1,2
1iG0909rllw_1,0,0,-1,-1,0
1iG0909rllw_2,ambiguous,-2,-2,-2,-1
1iG0909rllw_3,3,2,2,2,1
1iG0909rllw_8,-2,-2,-2,-3,-3
1iG0909rllw_9,0,0,0,-1,0
c5xsKMxpXnc_4,2,2,2,2,2
etzxEpPuc6I_1,1,0,0,0,1
etzxEpPuc6I_9,-2,-3,-3,-3,-3
8d-gEyoeBzc_20,1,1,1,2,1
8d-gEyoeBzc_21,-2,-2,-2,-2,-2
8d-gEyoeBzc_23,0,0,0,-1,-1
8d-gEyoeBzc_25,2,2,2,1,2
8d-gEyoeBzc_27,-1,-2,-2,-1,-1
8d-gEyoeBzc_28,-1,-1,0,-1,-1
8d-gEyoeBzc_29,-2,-2,-1,-1,-1
8qrpnFRGt2A_19,1,0,1,1,0
8qrpnFRGt2A_10,-3,-2,-2,-2,-2
8qrpnFRGt2A_13,ambiguous,0,ambiguous,0,-1
8qrpnFRGt2A_12,-2,-2,-2,-2,-2
8qrpnFRGt2A_15,-2,-1,-1,-2,-2
8qrpnFRGt2A_14,-2,-1,-2,-2,-2
Nzq88NnDkEk_20,-3,-2,-2,-2,-3
Nzq88NnDkEk_23,-1,-2,-3,-2,-2
Nzq88NnDkEk_25,-3,-3,-2,-3,-3
Nzq88NnDkEk_27,-2,-2,-2,-2,-2
Nzq88NnDkEk_26,-3,-3,-3,-3,-2
OtBXNcAL_lE_8,0,0,0,1,0
vvZ4IcEtiZc_11,2,1,2,1,2
vvZ4IcEtiZc_10,-2,-2,-2,-2,-2
OtBXNcAL_lE_2,-2,-3,-3,-3,-2
OtBXNcAL_lE_5,-2,-3,-3,-3,-3
OtBXNcAL_lE_7,-2,-2,-2,-2,-2
vyB00TXsimI_15,2,3,3,3,2
aiEXnCPZubE_22,2,2,2,2,2
OtBXNcAL_lE_13,-3,-2,-2,-2,-2
aiEXnCPZubE_20,-2,-2,-3,-3,-2
aiEXnCPZubE_27,2,3,3,3,3
aiEXnCPZubE_26,3,3,2,2,3
vyB00TXsimI_13,3,2,2,2,3
2WGyTLYerpo_40,1,1,0,1,0
ZUXBRvtny7o_21,2,2,2,2,2
ZUXBRvtny7o_24,2,2,2,2,2
f9O3YtZ2VfI_5,-2,-2,-2,-1,-2
ZUXBRvtny7o_29,3,2,2,2,2
f9O3YtZ2VfI_9,-2,-2,-3,-2,-2
f9O3YtZ2VfI_8,-2,-2,-2,-1,-2
yDtzw_Y-7RU_8,-1,-2,-2,-1,ambiguous
cXypl4FnoZo_8,1,2,1,2,1
cXypl4FnoZo_4,-1,0,-1,-1,-1
cXypl4FnoZo_5,2,2,2,1,2
cXypl4FnoZo_7,-1,-1,-1,-1,-1
cXypl4FnoZo_1,1,2,0,1,1
cXypl4FnoZo_2,1,2,1,0,ambiguous
cXypl4FnoZo_3,2,2,2,2,1
2WGyTLYerpo_49,-1,-1,0,0,-1
2WGyTLYerpo_48,-1,-1,-1,-1,-1
2WGyTLYerpo_46,1,2,1,1,2
LSi-o-IrDMs_14,2,2,2,2,2
2WGyTLYerpo_43,2,2,2,2,2
I5y0__X72p0_25,1,2,2,2,2
W8NXH0Djyww_23,2,3,2,2,2
W8NXH0Djyww_22,0,0,-1,0,0
W8NXH0Djyww_21,3,2,3,2,3
W8NXH0Djyww_20,-1,-1,-1,-1,-1
W8NXH0Djyww_26,2,2,2,2,2
W8NXH0Djyww_25,2,1,2,2,2
W8NXH0Djyww_24,3,3,3,2,2
W8NXH0Djyww_29,-2,ambiguous,-2,-1,-1
I5y0__X72p0_24,-2,-2,-2,-2,-2
2iD-tVS8NPw_29,2,2,3,1,2
2iD-tVS8NPw_28,1,2,1,2,2
2iD-tVS8NPw_21,1,1,2,0,1
2iD-tVS8NPw_23,0,0,1,0,0
2iD-tVS8NPw_22,2,2,3,2,2
2iD-tVS8NPw_25,-1,0,-1,-1,-1
2iD-tVS8NPw_24,0,-2,-1,-1,-1
2iD-tVS8NPw_27,1,1,1,2,2
W8NXH0Djyww_28,2,2,2,1,2
zhpQhgha_KU_1,-1,-1,-2,-2,-2
zhpQhgha_KU_2,1,1,2,2,2
zhpQhgha_KU_3,-1,-1,-2,-2,-2
zhpQhgha_KU_4,-1,-1,-2,-2,-2
zhpQhgha_KU_5,-2,-2,-2,-3,-2
zhpQhgha_KU_6,1,1,1,1,1
zhpQhgha_KU_7,1,1,1,1,1
zhpQhgha_KU_9,0,-1,-2,-1,-1
Iu2PFX3z_1s_12,2,1,2,1,2
Iu2PFX3z_1s_10,2,2,2,2,3
Iu2PFX3z_1s_11,1,1,2,1,1
Iu2PFX3z_1s_14,1,2,1,1,2
Iu2PFX3z_1s_15,2,2,2,2,1
Ci-AH39fi3Y_37,3,2,2,3,3
Ci-AH39fi3Y_34,1,0,0,0,0
Ci-AH39fi3Y_33,-2,-3,-1,-2,-2
Ci-AH39fi3Y_32,2,2,2,2,2
Ci-AH39fi3Y_31,1,1,1,2,2
Ci-AH39fi3Y_39,1,2,2,3,2
Ci-AH39fi3Y_38,2,1,2,2,2
BI97DNYfe5I_22,2,2,2,2,3
BI97DNYfe5I_23,1,2,2,1,2
BI97DNYfe5I_26,1,1,1,1,1
BI97DNYfe5I_27,-1,-1,-1,-1,-1
BI97DNYfe5I_24,1,2,1,2,1
BI97DNYfe5I_25,1,1,1,1,2
f_pcplsH_V0_9,-2,-3,-2,-3,-2
BI97DNYfe5I_29,0,0,0,0,1
dq3Nf_lMPnE_14,-2,-2,-2,-2,-1
vyB00TXsimI_5,1,2,2,2,2
cXypl4FnoZo_26,0,1,1,0,1
cXypl4FnoZo_25,-1,-1,-1,-1,-2
8qrpnFRGt2A_25,0,0,0,0,1
vyB00TXsimI_6,2,2,2,2,2
Nzq88NnDkEk_14,-1,-2,-1,-1,0
cXypl4FnoZo_23,0,1,1,0,0
Nzq88NnDkEk_16,-3,-2,-2,-2,-2
Nzq88NnDkEk_10,-1,-2,-1,-2,-1
Nzq88NnDkEk_11,-2,-2,-2,-2,-2
Nzq88NnDkEk_12,-2,-2,-2,-2,-2
Nzq88NnDkEk_13,-2,-2,-1,-2,-2
cM3Yna7AavY_2,3,ambiguous,2,2,3
cM3Yna7AavY_1,2,2,2,2,3
cM3Yna7AavY_7,3,3,3,3,3
cM3Yna7AavY_6,3,3,3,2,3
cM3Yna7AavY_5,3,3,3,2,3
cM3Yna7AavY_8,0,-1,0,-1,-1
I5y0__X72p0_39,1,1,1,1,2
f9O3YtZ2VfI_29,-2,-2,-2,-2,-2
1iG0909rllw_17,-2,-1,-1,-2,-1
f9O3YtZ2VfI_22,1,1,1,2,2
f9O3YtZ2VfI_23,1,2,1,2,2
f9O3YtZ2VfI_21,2,2,2,2,2
f9O3YtZ2VfI_26,2,1,1,1,2
BioHAh1qJAQ_17,2,3,3,2,2
f9O3YtZ2VfI_24,-3,-3,-2,-2,-3
f9O3YtZ2VfI_25,-1,-1,-2,-2,-1
BioHAh1qJAQ_16,0,1,0,0,ambiguous
BioHAh1qJAQ_11,0,0,0,1,0
BioHAh1qJAQ_10,1,1,0,2,1
BioHAh1qJAQ_13,1,1,2,1,2
BioHAh1qJAQ_12,ambiguous,1,ambiguous,1,0
atnd_PF-Lbs_19,ambiguous,0,0,0,-1
phBUpBr1hSo_16,-2,-2,-2,-1,-1
phBUpBr1hSo_17,2,2,2,2,2
phBUpBr1hSo_15,-2,-3,-2,-2,-2
phBUpBr1hSo_12,2,2,2,2,1
wMbj6ajWbic_18,-1,-1,-1,-1,-1
LSi-o-IrDMs_28,-2,-2,-1,-1,-2
LSi-o-IrDMs_23,0,2,1,1,1
LSi-o-IrDMs_22,2,1,2,2,2
LSi-o-IrDMs_21,3,3,3,2,3
LSi-o-IrDMs_20,-1,-1,-1,-2,-1
ZUXBRvtny7o_18,2,2,2,2,2
ZUXBRvtny7o_16,-2,-1,-2,-3,-2
ZUXBRvtny7o_17,2,1,2,1,2
ZUXBRvtny7o_11,3,3,3,2,2
ZUXBRvtny7o_12,2,2,2,1,2
ZUXBRvtny7o_13,2,2,3,2,2
6Egk_28TtTM_3,2,2,2,1,2
6Egk_28TtTM_2,2,2,2,3,1
6Egk_28TtTM_1,3,3,3,3,3
6Egk_28TtTM_7,2,3,2,2,2
6Egk_28TtTM_6,2,3,1,2,2
6Egk_28TtTM_5,2,3,2,2,2
6Egk_28TtTM_4,2,3,3,3,3
8d-gEyoeBzc_9,2,1,1,2,1
8d-gEyoeBzc_8,1,1,1,2,1
Vj1wYRQjB-o_2,2,2,3,2,2
Vj1wYRQjB-o_1,1,1,2,1,2
Vj1wYRQjB-o_4,-1,-1,-1,-1,0
Vj1wYRQjB-o_5,0,ambiguous,ambiguous,1,ambiguous
Vj1wYRQjB-o_8,1,1,2,2,2
Vj1wYRQjB-o_9,2,2,2,2,2
GWuJjcEuzt8_9,1,1,2,2,2
GWuJjcEuzt8_6,-1,-2,-2,-1,-1
GWuJjcEuzt8_3,3,2,2,1,2
GWuJjcEuzt8_1,1,ambiguous,2,1,2
2iD-tVS8NPw_2,2,2,3,2,2
2iD-tVS8NPw_3,2,1,2,1,1
2iD-tVS8NPw_6,2,2,2,2,2
2iD-tVS8NPw_7,2,2,3,3,2
tmZoasNr4rU_20,-1,-1,-1,-1,-1
2iD-tVS8NPw_5,2,2,2,2,2
2iD-tVS8NPw_9,1,1,1,2,2
k5Y_838nuGo_16,ambiguous,0,0,0,1
2iD-tVS8NPw_16,-2,-1,-1,-2,-2
2iD-tVS8NPw_11,0,0,1,0,0
k5Y_838nuGo_10,1,2,2,3,2
2iD-tVS8NPw_13,2,3,2,2,2
2iD-tVS8NPw_18,1,ambiguous,0,0,ambiguous
nzpVDcQ0ywM_22,2,3,2,2,1
nzpVDcQ0ywM_23,2,2,2,2,2
nzpVDcQ0ywM_21,-2,-1,-2,-1,-1
nzpVDcQ0ywM_24,1,1,2,2,2
5W7Z1C_fDaE_10,0,1,0,0,1
5W7Z1C_fDaE_11,3,3,2,3,2
Ci-AH39fi3Y_42,-2,-2,-2,-3,-2
Ci-AH39fi3Y_40,-2,-3,-3,-3,-2
Ci-AH39fi3Y_44,0,1,0,0,0
rnaNMUZpvvg_22,-2,-2,-2,-2,-3
rnaNMUZpvvg_21,-3,-2,-3,-3,-2
BI97DNYfe5I_31,1,2,0,1,1
BI97DNYfe5I_30,2,1,1,1,1
Clx4VXItLTE_31,0,1,0,0,0
VbQk4H8hgr0_11,-1,-1,-1,-1,-1
VbQk4H8hgr0_10,0,0,0,ambiguous,-1
VbQk4H8hgr0_13,-1,-2,-2,-2,-1
VbQk4H8hgr0_12,-2,-2,-1,-2,-1
PZ-lDQFboO8_10,2,3,1,2,2
VbQk4H8hgr0_17,-2,-1,-2,-2,-2
VbQk4H8hgr0_16,-3,-2,-2,-1,-2
VbQk4H8hgr0_19,-2,-2,-2,-2,-2
VbQk4H8hgr0_18,-2,-2,-2,-3,-1
1DmNV9C1hbY_14,-3,-2,-2,-1,-2
1DmNV9C1hbY_13,-1,-1,-2,ambiguous,-1
1DmNV9C1hbY_10,3,2,2,3,3
1DmNV9C1hbY_11,-1,-2,-2,-2,-2
HEsqda8_d0Q_6,2,2,3,2,1
HEsqda8_d0Q_7,3,2,3,2,2
v0zCBqDeKcE_1,3,2,2,3,3
MLal-t_vJPM_11,-2,-3,-3,-3,-3
MLal-t_vJPM_10,-2,-1,-2,-2,-2
MLal-t_vJPM_16,-1,-1,-2,-2,-2
MLal-t_vJPM_14,-2,-1,-2,-1,-1
v0zCBqDeKcE_8,2,1,2,2,2
v0zCBqDeKcE_9,2,1,2,2,2
WKA5OygbEKI_21,2,1,1,2,2
Dg_0XKD0Mf4_13,-1,-1,0,0,-1
5W7Z1C_fDaE_21,3,2,1,2,2
5W7Z1C_fDaE_20,2,3,3,3,3
5W7Z1C_fDaE_23,2,2,2,2,1
5W7Z1C_fDaE_22,1,2,1,2,2
VCslbP0mgZI_9,-2,-2,-2,-2,ambiguous
VCslbP0mgZI_4,-3,-3,-3,-2,-2
VCslbP0mgZI_7,2,2,1,2,2
POKffnXeBds_13,-2,-3,-3,-3,-3
VCslbP0mgZI_1,ambiguous,-3,ambiguous,ambiguous,-2
Bfr499ggo-0_21,-2,-2,-2,-2,-2
Bfr499ggo-0_20,-1,-2,-2,-1,-2
Bfr499ggo-0_22,1,1,1,1,1
HEsqda8_d0Q_18,-2,-2,-2,-1,-2
HEsqda8_d0Q_12,-1,0,0,0,-1
HEsqda8_d0Q_13,-1,0,-1,-2,-1
HEsqda8_d0Q_10,0,ambiguous,1,0,0
HEsqda8_d0Q_11,3,3,3,3,2
HEsqda8_d0Q_14,3,2,2,3,3
vvZ4IcEtiZc_8,ambiguous,-1,-2,-1,-2
WKA5OygbEKI_1,2,2,2,2,1
BI97DNYfe5I_2,-1,-1,-1,0,-2
d3_k5Xpfmik_13,2,2,2,2,3
d3_k5Xpfmik_12,2,2,3,1,2
BI97DNYfe5I_7,-1,-1,-1,0,-1
BI97DNYfe5I_6,1,2,1,2,1
d3_k5Xpfmik_17,2,1,1,2,2
d3_k5Xpfmik_16,3,1,2,2,2
G6GlGvlkxAQ_12,-1,-1,-2,-1,-1
G6GlGvlkxAQ_10,2,2,2,3,2
G6GlGvlkxAQ_18,0,-1,-1,ambiguous,ambiguous
2WGyTLYerpo_63,2,2,3,2,2
2WGyTLYerpo_62,2,2,2,2,3
2WGyTLYerpo_61,2,1,1,2,1
2WGyTLYerpo_60,2,3,2,2,2
LSi-o-IrDMs_4,-1,-1,0,0,-1
LSi-o-IrDMs_6,-2,-2,-3,-2,-2
LSi-o-IrDMs_7,0,-1,0,0,0
LSi-o-IrDMs_1,1,ambiguous,1,1,1
LSi-o-IrDMs_2,-1,-3,-2,-2,-2
IumbAb8q2dM_20,2,2,2,2,2
IumbAb8q2dM_22,2,2,2,2,3
9T9Hf74oK10_6,0,1,2,1,1
ZAIRrfG22O0_8,-2,-1,-1,-2,-2
ZAIRrfG22O0_9,-2,-1,-2,-1,-2
ZAIRrfG22O0_1,-3,-1,-2,-2,-2
ZAIRrfG22O0_2,-3,-3,-3,-2,-2
ZAIRrfG22O0_5,1,1,1,2,ambiguous
ZAIRrfG22O0_6,2,2,1,1,1
ZAIRrfG22O0_7,-1,-2,-2,-2,-1
Sqr0AcuoNnk_19,-1,-1,-1,0,-2
Sqr0AcuoNnk_18,0,0,0,0,1
Sqr0AcuoNnk_15,2,2,2,2,3
Sqr0AcuoNnk_14,2,1,1,1,2
Sqr0AcuoNnk_17,0,0,-1,0,0
Sqr0AcuoNnk_16,2,2,2,2,2
Sqr0AcuoNnk_13,3,3,3,3,2
Sqr0AcuoNnk_12,2,2,2,2,2
bOL9jKpeJRs_6,3,2,2,2,3
bOL9jKpeJRs_4,2,2,2,3,3
bOL9jKpeJRs_2,1,2,1,2,2
bOL9jKpeJRs_1,3,3,3,3,3
d6hH302o4v8_41,-2,-3,-2,-3,-2
VbQk4H8hgr0_28,-1,-2,-3,-2,-2
VbQk4H8hgr0_29,0,0,-1,-1,0
d6hH302o4v8_1,-3,-3,-3,-2,-3
VbQk4H8hgr0_24,-2,-3,-3,-3,-3
VbQk4H8hgr0_20,-2,-2,-2,-2,-2
d6hH302o4v8_2,-2,-2,-2,-2,-1
VbQk4H8hgr0_22,-3,-2,-2,-3,-3
VbQk4H8hgr0_23,-3,-3,-3,-3,-3
pLTX3ipuDJI_4,-3,-2,-2,-2,-2
9T9Hf74oK10_3,0,0,-1,-1,0
2WGyTLYerpo_39,-1,-1,0,0,-1
d6hH302o4v8_7,-2,-3,-3,-3,-3
pLTX3ipuDJI_8,-3,-2,-2,-2,-1
2WGyTLYerpo_35,2,3,2,2,2
POKffnXeBds_10,-1,-2,-2,-2,-2
POKffnXeBds_11,-3,-3,-3,-2,-2
5W7Z1C_fDaE_13,3,2,3,2,3
5W7Z1C_fDaE_14,2,1,2,2,2
5W7Z1C_fDaE_15,0,1,0,ambiguous,0
5W7Z1C_fDaE_19,3,3,2,3,3
f_pcplsH_V0_5,1,1,2,1,1
I5y0__X72p0_29,2,2,2,2,1
f_pcplsH_V0_6,2,2,1,1,2
I5y0__X72p0_28,1,1,2,2,1
TvyZBvOMOTc_6,-1,-1,-1,-2,-1
atnd_PF-Lbs_5,-3,-3,-3,-2,-3
TvyZBvOMOTc_3,2,1,2,3,2
atnd_PF-Lbs_7,-2,-3,-2,-3,-3
atnd_PF-Lbs_9,-3,-2,-3,-3,-3
Bfr499ggo-0_15,0,-1,-1,-2,ambiguous
Bfr499ggo-0_16,3,2,2,2,2
Bfr499ggo-0_17,1,1,2,2,1
Bfr499ggo-0_10,1,1,1,1,1
Bfr499ggo-0_12,-1,-1,-2,-1,-2
Bfr499ggo-0_13,-2,-2,-1,-1,-2
Bfr499ggo-0_19,-2,-1,-2,-2,-2
TvyZBvOMOTc_8,-2,-2,-1,-2,-1
BvYR0L6f2Ig_17,2,2,1,2,3
BvYR0L6f2Ig_16,2,2,2,1,2
8OtFthrtaJM_17,1,1,1,1,1
8OtFthrtaJM_16,1,0,1,1,0
8OtFthrtaJM_14,-1,-1,-1,-2,-2
Qr1Ca94K55A_2,-2,-2,-2,-2,-2
Qr1Ca94K55A_9,1,2,2,2,2
Qr1Ca94K55A_4,2,1,1,1,2
Qr1Ca94K55A_3,-1,-1,-2,-2,-2
8OtFthrtaJM_19,-2,-3,-2,-2,-2
Qr1Ca94K55A_1,3,3,3,3,3
